MAE,RMSE,WMAPE
1.1198793267513867,2.069357524580654,0.6755304249840804
